{
  "per_category": {
    "apple": {
      "Auc_30": 0.23948148148148146,
      "Auc_15": 0.11703703703703704,
      "Auc_5": 0.044444444444444446,
      "Auc_3": 0.03037037037037037
    }
  },
  "mean": {
    "Auc_30": 0.23948148148148146,
    "Auc_15": 0.11703703703703704,
    "Auc_5": 0.044444444444444446,
    "Auc_3": 0.03037037037037037
  },
  "config": {
    "model_path": "/workspace/toddler/vggt/model_tracker_fixed_e20.pt",
    "seed": 0,
    "fast_eval": true,
    "use_ba": false,
    "masking": {
      "mask_type": "topk",
      "topk_neighbors": 4,
      "mutual": true,
      "soft_mask": false,
      "mask_hub_tokens": false
    }
  }
}