{
  "per_category": {
    "apple": {
      "Auc_30": 0.532148148148148,
      "Auc_15": 0.3559999999999999,
      "Auc_5": 0.16755555555555554,
      "Auc_3": 0.1037037037037037
    }
  },
  "mean": {
    "Auc_30": 0.532148148148148,
    "Auc_15": 0.3559999999999999,
    "Auc_5": 0.16755555555555554,
    "Auc_3": 0.1037037037037037
  },
  "config": {
    "model_path": "/workspace/toddler/vggt/model_tracker_fixed_e20.pt",
    "seed": 0,
    "fast_eval": true,
    "use_ba": false,
    "masking": {
      "mask_type": "topk",
      "topk_neighbors": 8,
      "mutual": true,
      "soft_mask": false,
      "mask_hub_tokens": true
    }
  }
}