{
  "per_category": {
    "apple": {
      "Auc_30": 0.9268888888888892,
      "Auc_15": 0.8783703703703704,
      "Auc_5": 0.7724444444444445,
      "Auc_3": 0.697037037037037
    }
  },
  "mean": {
    "Auc_30": 0.9268888888888892,
    "Auc_15": 0.8783703703703704,
    "Auc_5": 0.7724444444444445,
    "Auc_3": 0.697037037037037
  },
  "config": {
    "model_path": "/workspace/toddler/vggt/model_tracker_fixed_e20.pt",
    "seed": 0,
    "fast_eval": true,
    "use_ba": false,
    "masking": {
      "mask_type": "topk",
      "topk_neighbors": 12,
      "mutual": true,
      "soft_mask": false,
      "mask_hub_tokens": false
    }
  }
}